home_team,games_played,first_season,last_season,avg_attendance,max_attendance,avg_estimated_revenue
Atlanta United FC,156,2017,2026,47821.0,73019.0,2486709.0
Seattle Sounders FC,236,2013,2026,37421.0,69274.0,2656879.0
Charlotte FC,81,2022,2026,33107.0,74479.0,1820868.0
San Diego FC,34,2025,2026,26675.0,34506.0,1547172.0
Nashville SC,101,2021,2026,26092.0,30109.0,1513355.0
FC Cincinnati,121,2019,2026,24478.0,32250.0,1346270.0
Toronto FC,218,2013,2026,23545.0,44828.0,1624601.0
Orlando City SC,183,2015,2026,23161.0,62510.0,1019096.0
LA Galaxy,227,2013,2026,22527.0,82110.0,1464225.0
St. Louis City SC,63,2023,2026,22344.0,22500.0,1206583.0
New York City FC,176,2015,2026,22122.0,48047.0,1813997.0
Los Angeles FC,140,2018,2026,22091.0,75673.0,1723127.0
Portland Timbers FC,223,2013,2026,22018.0,25218.0,1277024.0
Vancouver Whitecaps FC,214,2013,2026,21040.0,53957.0,1094078.0
Austin FC,96,2021,2026,20738.0,20738.0,1265017.0
New England Revolution,216,2013,2026,20434.0,65612.0,1082989.0
Minnesota United FC,146,2017,2026,19702.0,52242.0,965380.0
Real Salt Lake,223,2013,2026,19304.0,21810.0,849361.0
Sporting Kansas City,223,2013,2026,19081.0,72610.0,973147.0
New York Red Bulls,221,2013,2026,18892.0,26276.0,1265733.0
Inter Miami CF,98,2021,2026,18286.0,26715.0,1609199.0
CF Montréal,205,2013,2026,18228.0,61004.0,838499.0
San Jose Earthquakes,213,2013,2026,17761.0,50978.0,834756.0
Columbus Crew,229,2013,2026,17566.0,60614.0,737757.0
Philadelphia Union,223,2013,2026,17501.0,19778.0,805048.0
Houston Dynamo FC,227,2013,2026,17461.0,22661.0,715898.0
Chicago Fire FC,217,2013,2026,16844.0,63094.0,808533.0
D.C. United,222,2013,2026,16764.0,72026.0,838202.0
Colorado Rapids,213,2013,2026,15465.0,75824.0,618596.0
FC Dallas,224,2013,2026,15207.0,22035.0,653922.0
Chivas USA,34,2013,2014,7714.0,18652.0,424288.0
