home_team,venues_used,games_played,avg_attendance,avg_utilization_pct,near_sellout_pct
Austin FC,1,96,20738.0,101.2,100.0
Sporting Kansas City,2,223,19081.0,100.2,74.9
St. Louis City SC,1,63,22344.0,99.6,98.4
Atlanta United FC,2,156,47821.0,99.2,80.8
Los Angeles FC,2,140,22091.0,98.7,95.0
Real Salt Lake,1,223,19304.0,95.5,51.6
Philadelphia Union,1,223,17501.0,94.6,54.7
Seattle Sounders FC,1,236,37421.0,92.5,53.0
Inter Miami CF,2,98,18286.0,91.9,55.1
FC Cincinnati,2,121,24478.0,91.3,44.6
Vancouver Whitecaps FC,2,214,21040.0,91.0,37.4
San Jose Earthquakes,4,213,17761.0,90.3,47.4
Portland Timbers FC,1,223,22018.0,87.3,13.0
CF Montréal,2,205,18228.0,86.6,35.1
Columbus Crew,3,229,17566.0,86.1,38.9
Minnesota United FC,2,146,19702.0,85.1,64.4
Colorado Rapids,2,213,15465.0,84.0,11.3
LA Galaxy,2,227,22527.0,81.7,14.1
Nashville SC,2,101,26092.0,80.4,14.9
Houston Dynamo FC,1,227,17461.0,79.2,10.6
Orlando City SC,2,183,23161.0,77.0,13.7
San Diego FC,1,34,26675.0,76.2,2.9
Toronto FC,2,218,23545.0,75.6,2.8
New York Red Bulls,1,221,18892.0,75.6,13.1
FC Dallas,1,224,15207.0,74.2,2.2
New York City FC,4,176,22122.0,71.5,13.6
D.C. United,6,222,16764.0,64.3,5.4
Chicago Fire FC,2,217,16844.0,58.3,6.9
Charlotte FC,1,81,33107.0,44.2,1.2
New England Revolution,1,216,20434.0,31.0,0.5
Chivas USA,1,34,7714.0,28.6,0.0
