home_team,rivalry_games,avg_rivalry_attendance,non_rivalry_games,avg_non_rivalry_attendance,rivalry_lift_pct
San Jose Earthquakes,18,37000.0,195,15985.0,131.5
New York City FC,12,32739.0,154,21350.0,53.3
New York Red Bulls,14,23585.0,193,18404.0,28.1
Seattle Sounders FC,33,43389.0,182,36194.0,19.9
CF Montréal,13,21233.0,185,17801.0,19.3
LA Galaxy,28,25817.0,188,21882.0,18.0
Columbus Crew,7,20551.0,210,17423.0,17.9
Charlotte FC,4,35778.0,74,32839.0,8.9
Vancouver Whitecaps FC,30,21843.0,177,20529.0,6.4
Toronto FC,15,24643.0,195,23204.0,6.2
Atlanta United FC,5,49616.0,142,46967.0,5.6
FC Cincinnati,13,25622.0,101,24335.0,5.3
Philadelphia Union,14,18091.0,200,17389.0,4.0
Real Salt Lake,18,19774.0,198,19297.0,2.5
Los Angeles FC,7,22356.0,122,22061.0,1.3
Portland Timbers FC,34,22255.0,177,22044.0,1.0
Colorado Rapids,16,15450.0,193,15430.0,0.1
D.C. United,17,16017.0,200,16823.0,-4.8
Chicago Fire FC,7,14840.0,207,16949.0,-12.4
