matchup,home_team,away_team,games_played,avg_attendance,max_attendance,lift_vs_home_avg_pct,is_rivalry
Atlanta United FC vs Inter Miami CF,Atlanta United FC,Inter Miami CF,7,54046.0,71635.0,13.0,0
Chicago Fire FC vs Inter Miami CF,Chicago Fire FC,Inter Miami CF,5,50761.0,63094.0,201.4,0
Atlanta United FC vs Orlando City SC,Atlanta United FC,Orlando City SC,10,49906.0,71932.0,4.4,0
Atlanta United FC vs Charlotte FC,Atlanta United FC,Charlotte FC,5,49616.0,61209.0,3.8,1
Atlanta United FC vs Columbus Crew,Atlanta United FC,Columbus Crew,10,49526.0,68046.0,3.6,0
Atlanta United FC vs New York Red Bulls,Atlanta United FC,New York Red Bulls,10,49158.0,70016.0,2.8,0
Seattle Sounders FC vs Portland Timbers FC,Seattle Sounders FC,Portland Timbers FC,18,47081.0,67385.0,25.8,1
Atlanta United FC vs FC Cincinnati,Atlanta United FC,FC Cincinnati,6,46986.0,70382.0,-1.7,0
Atlanta United FC vs New England Revolution,Atlanta United FC,New England Revolution,10,46622.0,67727.0,-2.5,0
Atlanta United FC vs Chicago Fire FC,Atlanta United FC,Chicago Fire FC,8,46608.0,71812.0,-2.5,0
