team_abbreviation,team_name,stadium_name,city,state,founding_year,conference,latitude,longitude,mls_debut_season,avg_ticket_price_usd,stadium_capacity,metro_population
ATL,Atlanta United FC,Mercedes-Benz Stadium,Atlanta,GA,2014,East,33.7554,-84.4009,2017,52,42500,6144050
ATX,Austin FC,Q2 Stadium,Austin,TX,2018,West,30.387,-97.7191,2021,61,20738,2352426
CHI,Chicago Fire FC,Soldier Field,Chicago,IL,1997,East,41.8623,-87.6167,1998,48,66944,9478801
CLB,Columbus Crew,Lower.com Field,Columbus,OH,1995,East,39.969,-83.0175,1996,42,20371,2138926
CLT,Charlotte FC,Bank of America Stadium,Charlotte,NC,2019,East,35.2258,-80.8528,2022,55,75037,2701487
COL,Colorado Rapids,Dick's Sporting Goods Park,Commerce City,CO,1995,West,39.8054,-104.8919,1996,40,18061,2963821
DAL,FC Dallas,Toyota Stadium,Frisco,TX,1995,West,33.1548,-96.8354,1996,43,19096,7759615
DC,D.C. United,Audi Field,Washington,DC,1995,East,38.8683,-77.0122,1996,50,20000,6394598
HOU,Houston Dynamo FC,Shell Energy Stadium,Houston,TX,2005,West,29.752,-95.351,2006,41,22039,7386941
LA,LA Galaxy,Dignity Health Sports Park,Carson,CA,1995,West,33.8644,-118.2611,1996,65,27000,13200998
LAFC,Los Angeles FC,BMO Stadium,Los Angeles,CA,2014,West,34.0126,-118.2849,2018,78,22000,13200998
MIA,Inter Miami CF,Chase Stadium,Fort Lauderdale,FL,2018,East,26.1904,-80.1576,2020,88,21550,6183199
MIN,Minnesota United FC,Allianz Field,Saint Paul,MN,2010,West,44.9531,-93.165,2017,49,19400,3712020
MTL,CF Montréal,Stade Saputo,Montreal,QC,1993,East,45.5638,-73.551,2012,46,19619,4292000
NE,New England Revolution,Gillette Stadium,Foxborough,MA,1995,East,42.0909,-71.2643,1996,53,65878,4941632
NSH,Nashville SC,GEODIS Park,Nashville,TN,2017,East,36.1303,-86.7714,2020,58,30000,2107533
NY,New York Red Bulls,Red Bull Arena,Harrison,NJ,1994,East,40.737,-74.1502,1996,67,25000,19979477
NYC,New York City FC,Yankee Stadium,New York,NY,2013,East,40.8296,-73.9262,2015,82,54251,19979477
ORL,Orlando City SC,Inter&Co Stadium,Orlando,FL,2010,East,28.5392,-81.3892,2015,44,24453,3238723
PHI,Philadelphia Union,Subaru Park,Chester,PA,2008,East,39.8317,-75.3797,2010,46,18500,6245051
POR,Portland Timbers FC,Providence Park,Portland,OR,1975,West,45.5213,-122.6916,2011,58,24686,2508050
RSL,Real Salt Lake,America First Field,Sandy,UT,2004,West,40.583,-111.893,2005,44,20213,1257936
SD,San Diego FC,Snapdragon Stadium,San Diego,CA,2023,West,32.7831,-117.1188,2025,58,35000,3286069
SEA,Seattle Sounders FC,Lumen Field,Seattle,WA,1994,West,47.5952,-122.3316,2009,71,68740,4044837
SJ,San Jose Earthquakes,PayPal Park,San Jose,CA,1995,West,37.3516,-121.925,1996,47,18000,1999107
SKC,Sporting Kansas City,Children's Mercy Park,Kansas City,KS,1995,West,39.1224,-94.8232,1996,51,18467,2238279
STL,St. Louis City SC,CITYPARK,St. Louis,MO,2019,West,38.6332,-90.2138,2023,54,22500,2820253
TOR,Toronto FC,BMO Field,Toronto,ON,2005,East,43.6334,-79.4179,2007,69,28351,6712000
VAN,Vancouver Whitecaps FC,BC Place,Vancouver,BC,1986,West,49.2769,-123.1121,2011,52,54500,2906000
CIN,FC Cincinnati,TQL Stadium,Cincinnati,OH,2015,East,39.1114,-84.5222,2019,55,26000,2271479
CHV,Chivas USA,Dignity Health Sports Park,Carson,CA,2004,West,33.8644,-118.2611,2005,55,27000,13200998
